item_id,meeting_key,meeting_date,meeting_kind,agenda_number,agenda_sequence,consent_section,group,file_number,legistar_url,title,official_text,matter_type,presenter,vendor_number,vendor_key,funding_source,headline,summary,category,action_type,vendor_name,vendor_kind,schools,money_direction,amount_type,amount,amount_range_low,amount_range_high,prior_total,new_total,amount_verified,term_start,term_end,flags,source_issue,pulled_from_consent,outcome_action,outcome_date,adopted,review_status,model_id,prompt_version,duplicate_of
2023-02-08:23-0086,2023-02-08,2023-02-08,regular,T.-1,62,general,Chief Business Officer,23-0086,https://ousd.legistar.com/LegislationDetail.aspx?ID=57330&GUID=5BE86F30-BD98-4340-963B-C949DDF6898A,"Services Agreement 2022-2023 - Norman Peterson & Associate, Inc. - Risk Management Department","Ratification by the Board of Education of a Services Agreement 2022-2023 by and between the District and Norman Peterson & Associate, Inc., Ashland, OR, for the latter to manage the injured worker’s Return To Work (RTW)  progress by maintaining contact with the physician and supervisor and follow through until a decision regarding RTW is made; gather information on each claim opened for RTW Services, such as the nature of the injury, department supervisor contact information, physician contact information, and appointment dates, etc.; and work closely with selected personnel to identify appropriate Bridge Assignments (BA) to present to the physician to facilitate a safe return to modified duties, via Risk Management Department, for the period of July 1, 2022 through June 30, 2023, in an amount not to exceed $25,000.00.",Agreement or Contract,Chief Financial Officer,003102,v-003102,Property & Liability,"Ratifies up to $25,000 for Norman Peterson & Associate to manage injured workers' return to work","Norman Peterson & Associate, Inc. will track injured employees' progress, stay in contact with their doctors and supervisors, and help find temporary modified-duty assignments so they can return to work safely. The work is run through the Risk Management Department for July 1, 2022 through June 30, 2023. The Board is ratifying, or approving after the fact, an agreement whose service period began before this vote.","Legal, insurance & risk",new_agreement,"Norman Peterson & Associate, Inc.",organization,,expense,not_to_exceed,25000,,,,,true,2022-07-01,2023-06-30,after_work_began,,,Adopted on the General Consent Report,2023-02-08,true,auto_ok,sonnet-agent,enrich.v3.md,
2023-02-08:22-2932,2023-02-08,2023-02-08,regular,T.-2,64,general,"Deputy Chief, Facilities Planning and Management",22-2932,https://ousd.legistar.com/LegislationDetail.aspx?ID=57200&GUID=70AB2134-8AE6-4496-938C-0B0D69A8DC72,"Amendment No. 1, Architectural Services Agreement – Noll & Tam Architects – Urban Promise Academy (UPA) Campus Portable Relocation Project – Division of Facilities Planning and Management","Approval by the Board of Education of Amendment No. 1, Agreement for Architectural Services by and between the District and Noll & Tam Architects, Berkeley, CA, for the latter to provide assessment and design services which consist of reviewing existing documentation, creating drawings backgrounds, conducting a site visit to document existing conditions, meet with district representatives to discuss existing conditions, as described in the Proposal dated November 1, 2022, attached to this Amendment as Exhibit A, in an additional amount of $59,460.00, which includes a not-to-exceed contingency of $5,400.00, increasing Agreement’s not-to-exceed amount from $31,988.00 to $91,448.00, and extending the term of the Agreement from December 15, 2022 through December 31, 2023 to December 31, 2024, (an additional 366 days). All other terms and conditions of the Agreement remaining in full force and effect.",Agreement or Contract,"Deputy Chief, Facilities Planning and Management",008175,v-008175,Fund 35 County School Facilities Fund,"Adds $59,460 to Noll & Tam's design work for moving portables at Urban Promise Academy","This amendment adds $59,460, including a $5,400 contingency, to the architecture contract with Noll & Tam Architects. The firm will review existing documents, draw base plans, visit the site and meet with district staff about the Urban Promise Academy portable relocation project. The contract limit rises from $31,988 to $91,448, and the end date moves from December 31, 2023 to December 31, 2024.",School buildings & construction,amendment,Noll & Tam Architects,organization,Urban Promise Academy,expense,not_to_exceed,59460,,,31988,91448,true,2022-12-15,2024-12-31,pulled_from_consent; raises_existing_contract; large_increase; multi_year,,"Adopted in its own vote at this meeting (7–0), instead of with the rest of the consent report.",Adopted,2023-02-08,true,auto_ok,sonnet-agent,enrich.v3.md,
2023-02-08:23-0137,2023-02-08,2023-02-08,regular,T.-3,66,general,"Chief, Talent",23-0137,https://ousd.legistar.com/LegislationDetail.aspx?ID=57381&GUID=290C7118-D5C2-4C80-AC91-DF09839E8F6F,Revision of Job Description - Named Position - Talent/Human Resources Department,"Adoption by the Board of Education of Resolution No. 2223-0107 - Revision of Job Description - Deputy General Counsel, Labor & Employment - Labor Department.",Resolution,"Deputy Chief, Talent",,,,Revises the job description for the district's Deputy General Counsel for Labor & Employment,"The Board is adopting Resolution No. 2223-0107, which revises the official job description for the Deputy General Counsel, Labor & Employment, in the Labor Department. The official text does not say what changed in the description.",Staff & hiring,resolution_or_policy,,,,no_cost,,,,,,,true,,,,,,Adopted on the General Consent Report,2023-02-08,true,auto_ok,sonnet-agent,enrich.v3.md,
2023-02-08:23-0007,2023-02-08,2023-02-08,regular,T.-4,68,general,Chief Academic Officer,23-0007,https://ousd.legistar.com/LegislationDetail.aspx?ID=57252&GUID=E606B785-58C8-432D-AEC6-634DF0268ABB,"Nonpublic, Nonsectarian School/Agency Services - Master Contract 2022-23 – AMN Allied Services – Special Education Department","Approval by the Board of Education of a Nonpublic, Nonsectarian School/Agency Services Master Contract 2022-2023 by and between the District and AMN Allied Services, San Diego, CA, for the latter to provide Special Education services mandated per students Individualized Education Programs, for the period of July 1, 2022 through June 30, 2023, in an amount not to exceed $100,000.00.",Agreement or Contract,Chief Academic Officer,008221,v-008221,Special Education,"Approves a contract with AMN Allied Services for up to $100,000 in special education services","AMN Allied Services will provide special education services that students' Individualized Education Programs require. This is a master contract with a nonpublic, nonsectarian school or agency, meaning a private provider outside the district's own schools. It runs July 1, 2022 through June 30, 2023.",Special education,new_agreement,AMN Allied Services,organization,,expense,not_to_exceed,100000,,,,,true,2022-07-01,2023-06-30,after_work_began,,,Adopted on the General Consent Report,2023-02-08,true,auto_ok,sonnet-agent,enrich.v3.md,
2023-02-08:23-0019,2023-02-08,2023-02-08,regular,T.-5,69,general,Chief Academic Officer,23-0019,https://ousd.legistar.com/LegislationDetail.aspx?ID=57264&GUID=E2C46617-B425-4810-955B-5BC20200E125,"Services Agreement 2022-2023 - Sown To Grow, Inc. - Community Schools and Student Services Department","Ratification by the Board of Education of a Services Agreement 2022-2023 by and between the District and Sown To Grow, Inc., Oakland, CA, for the latter to provide District with software to implement the Social Emotional Learning web-based universal screener, as described in Exhibit A of the Agreement, incorporated herein by reference as though fully set forth, at all interested schools, via the Community Schools and Student Services Department, for the period of August 1, 2022 through June 29, 2023, in an amount not to exceed $99,000.00.",Agreement or Contract,Chief Academic Officer,004010,v-004010,S&C Carryover,"Ratifies up to $99,000 for Sown To Grow's social-emotional learning screening software","Sown To Grow, Inc. will provide web-based software that screens students for social-emotional learning needs at all interested schools. The Community Schools and Student Services Department manages it for August 1, 2022 through June 29, 2023. The Board is ratifying, or approving after the fact, an agreement whose service period began before this vote.",Technology,new_agreement,"Sown To Grow, Inc.",organization,,expense,not_to_exceed,99000,,,,,true,2022-08-01,2023-06-29,pulled_from_consent; after_work_began,,"Adopted in its own vote at this meeting (4–2, 1 abstaining), instead of with the rest of the consent report.",Adopted,2023-02-08,true,auto_ok,sonnet-agent,enrich.v3.md,
2023-02-08:23-0027,2023-02-08,2023-02-08,regular,T.-6,70,general,Chief Academic Officer,23-0027,https://ousd.legistar.com/LegislationDetail.aspx?ID=57272&GUID=6CD63268-B93E-47A2-B775-5FAB11C3592C,"Amendment No. 1, Services Agreement 2022-2023 - Leah G. Branson - Chabot Elementary School","Ratification by the Board of Education of Amendment No. 1, Services Agreement 2022-2023 by and between the District and Leah G. Branson, Orinda, CA, for the latter to work with the Principal, TSA, and School Psychologist to identify and provide therapy support to students and families in need, in the additional amount of $15,400.00, increasing the Agreement not to exceed amount from $6,250.00 to  $21,650.00 and extending the Agreement term from August 1, 2022 through November 10, 2022 to June 15, 2023 at Chabot Elementary School.  All other terms and conditions of the Agreement remain in full force and effect.",Agreement or Contract,Chief Academic Officer,007229,v-007229,PTA Local Schools Fund,"Adds $15,400 and more time for a therapist serving students and families at Chabot Elementary","This amendment adds $15,400 to a contract for a therapist who works with the principal and school psychologist to support students and families at Chabot Elementary School. The contract limit rises from $6,250 to $21,650, and the end date moves from November 10, 2022 to June 15, 2023. The Board is ratifying, or approving after the fact, this change.","Student health, support & family services",amendment,Leah G. Branson,individual,Chabot Elementary School,expense,not_to_exceed,15400,,,6250,21650,true,2022-08-01,2023-06-15,after_work_began; raises_existing_contract; large_increase,,,Adopted on the General Consent Report,2023-02-08,true,auto_ok,sonnet-agent,enrich.v3.md,
2023-02-08:23-0056,2023-02-08,2023-02-08,regular,T.-7,71,general,Chief Academic Officer,23-0056,https://ousd.legistar.com/LegislationDetail.aspx?ID=57300&GUID=95F9E589-6CAB-431A-9470-13A9E3B995A0,Services Agreement 2022-2023 - East Bay Consortium - Castlemont High School,"Ratification by the Board of Education of a Services Agreement 2022-2023 by and between the District and East Bay Consortium, Oakland, CA, for the latter to provide senior transcript evaluations, one on one advising, ""College Knowledge"" information sessions, financial aid assistance, college representative presentations, personal statement workshops, and workshops for students interested in developing plans to transfer from a community college to a 4 year at Castlemont High School, for the period of January 4, 2023 through May 31, 2023, in an amount not to exceed $21,250.00.",Agreement or Contract,Chief Academic Officer,001478,v-001478,Unrestricted Supplemental,"Ratifies up to $21,250 for East Bay Consortium's college advising at Castlemont High","East Bay Consortium will give Castlemont High School students senior transcript reviews, one-on-one advising, college information sessions, financial aid help and workshops on transferring from community college to a four-year school. The service period is January 4 through May 31, 2023. The Board is ratifying, or approving after the fact, an agreement whose service period began before this vote.",Classroom & academic programs,new_agreement,East Bay Consortium,organization,Castlemont High School,expense,not_to_exceed,21250,,,,,true,2023-01-04,2023-05-31,after_work_began,,,Adopted on the General Consent Report,2023-02-08,true,auto_ok,sonnet-agent,enrich.v3.md,
2023-02-08:23-0057,2023-02-08,2023-02-08,regular,T.-8,72,general,Chief Academic Officer,23-0057,https://ousd.legistar.com/LegislationDetail.aspx?ID=57301&GUID=266BB021-8058-4088-91ED-5CD3CC509039,Services Agreement 2022-2023 - East Bay Consortium - Madison Park Academy-Upper,"Ratification by the Board of Education of a Services Agreement 2022-2023 by and between the District and East Bay Consortium, Oakland, CA, for the latter to provide advisors to meet with all seniors twice a year -  fall and spring  - offering  post-secondary preparation services stated in the Scope of Work of the Agreement, incorporated herein by reference as though fully set forth, at Madison Park Academy-Upper, for the period of October 10, 2022 through May 26, 2023, in an amount not to exceed $27,000.00.",Agreement or Contract,Chief Academic Officer,001478,v-001478,Measure N,"Ratifies up to $27,000 for East Bay Consortium's post-high-school advising at Madison Park Academy","East Bay Consortium advisors will meet with all seniors at Madison Park Academy-Upper twice a year, in fall and spring, to help them prepare for life after high school. The service period is October 10, 2022 through May 26, 2023. The Board is ratifying, or approving after the fact, an agreement whose service period began before this vote.",Classroom & academic programs,new_agreement,East Bay Consortium,organization,Madison Park Academy-Upper,expense,not_to_exceed,27000,,,,,true,2022-10-10,2023-05-26,after_work_began,,,Adopted on the General Consent Report,2023-02-08,true,auto_ok,sonnet-agent,enrich.v3.md,
2023-02-08:23-0058,2023-02-08,2023-02-08,regular,T.-9,73,general,Chief Academic Officer,23-0058,https://ousd.legistar.com/LegislationDetail.aspx?ID=57302&GUID=80A7E122-CF6C-4EF8-8D4D-2C358D4BA895,Services Agreement 2022-2023 - Bay Area Community Resources - Castlemont High School,"Approval by the Board of Education of a Services Agreement 2022-2023 by and between the District and Bay Area Community Resources, San Rafael, CA, for the latter to provide gang intervention services by offering one on one and group intervention sessions to identified students at Castlemont High School, for the period of January 4, 2023 through May 31, 2023, in an amount not to exceed $12,500.00.",Agreement or Contract,Chief Academic Officer,000624,v-000624,CCSPP Implementation Grant,"Approves up to $12,500 for Bay Area Community Resources' gang intervention at Castlemont High","Bay Area Community Resources will hold one-on-one and group intervention sessions about gang involvement for identified students at Castlemont High School. The service period is January 4 through May 31, 2023.","Student health, support & family services",new_agreement,Bay Area Community Resources,organization,Castlemont High School,expense,not_to_exceed,12500,,,,,true,2023-01-04,2023-05-31,after_work_began,,,Adopted on the General Consent Report,2023-02-08,true,auto_ok,sonnet-agent,enrich.v3.md,
2023-02-08:23-0060,2023-02-08,2023-02-08,regular,T.-10,74,general,Chief Academic Officer,23-0060,https://ousd.legistar.com/LegislationDetail.aspx?ID=57304&GUID=0A79327D-9BD7-40E7-B491-91748B751D3F,Services Agreement 2022-2023 - LifeSaver CPR - Community Schools and Student Services Department,"Ratification by the Board or Education of a Services Agreement 2022-2023 by and between the District and LifeSaver CPR, Lathrop, CA, for the latter to provide on-site Cardiopulmonary Resuscitation (CPR), Automated External Defibrillator (AED) and First Aid Training to 65 District staff during a one-day training session to be on August 5, 2022, via the Community Schools and Student Services Department, in an amount not to exceed $3,575.00.",Agreement or Contract,Chief Academic Officer,002583,v-002583,General Purpose Unrestricted,"Ratifies $3,575 for LifeSaver CPR to train 65 district staff in CPR, defibrillator use and first aid","LifeSaver CPR provided a one-day, on-site training on cardiopulmonary resuscitation (CPR), automated external defibrillators (AEDs) and first aid for 65 district staff on August 5, 2022. The Community Schools and Student Services Department arranged it. The Board is ratifying, or approving after the fact, an agreement for a training date that has already passed.","Student health, support & family services",new_agreement,LifeSaver CPR,organization,,expense,not_to_exceed,3575,,,,,true,2022-08-05,2022-08-05,after_work_began,,,Adopted on the General Consent Report,2023-02-08,true,auto_ok,sonnet-agent,enrich.v3.md,
2023-02-08:23-0061,2023-02-08,2023-02-08,regular,T.-11,75,general,Chief Academic Officer,23-0061,https://ousd.legistar.com/LegislationDetail.aspx?ID=57305&GUID=7A01083C-F1FF-494C-887B-4D965BE45A7F,Services Agreement 2022-2023 - Growing Together - Bay Area - Community Schools and Student Services Department,"Ratification by the Board of Education of a Services Agreement 2022-2023 by and between the District and Growing Together - Bay Area, Pinole, CA, for the latter to support the environment, food and garden education outdoor learning field trips on site by lending support for the lunchtime program, including prepping food, setting up the produce bar, serving food for field trip students, setting up and cleaning up, via Community Schools and Student Services Department, for the period of January 10, 2023 through May 31, 2023, in an amount not to exceed $7,000.00.",Agreement or Contract,Chief Academic Officer,008036,v-008036,Eat.Learn.Play Foundation-Ed Ctr Prog,"Ratifies up to $7,000 for Growing Together to support garden and food field trips","Growing Together - Bay Area will help run environment, food and garden education field trips by prepping food, setting up the produce bar, serving lunch to students on the trips, and cleaning up. The service period is January 10 through May 31, 2023. The Board is ratifying, or approving after the fact, an agreement whose service period began before this vote.",Classroom & academic programs,new_agreement,Growing Together - Bay Area,organization,,expense,not_to_exceed,7000,,,,,true,2023-01-10,2023-05-31,after_work_began,,,Adopted on the General Consent Report,2023-02-08,true,auto_ok,sonnet-agent,enrich.v3.md,
2023-02-08:23-0074,2023-02-08,2023-02-08,regular,T.-12,76,general,Chief Academic Officer,23-0074,https://ousd.legistar.com/LegislationDetail.aspx?ID=57318&GUID=8866FF93-C1EE-419E-995C-8F42504CDC7F,"Services Agreement 2022-2023 - B Gammage, The Creative Consultant - Oakland Athletic League (OAL)","Ratification by the Board of Education of a Services Agreement 2022-2023 by and between the District and B Gammage, The Creative Consultant, Oakland, CA, for the latter to provide administrative support for middle school sports programs, as described in Exhibit A of the Agreement, incorporated herein by reference as though fully set forth, via Oakland Athletic League (OAL), for the period of December 1, 2022 through June 30, 2023, in an amount not to exceed $65,000.00.",Agreement or Contract,Chief Academic Officer,008076,v-008076,Eat Learn Play Foundation for OAL,"Ratifies up to $65,000 for a consultant to support Oakland Athletic League middle school sports","B Gammage, The Creative Consultant, will provide administrative support for middle school sports programs run through the Oakland Athletic League. The service period is December 1, 2022 through June 30, 2023. The Board is ratifying, or approving after the fact, an agreement whose service period began before this vote.",Classroom & academic programs,new_agreement,"B Gammage, The Creative Consultant",individual,,expense,not_to_exceed,65000,,,,,true,2022-12-01,2023-06-30,after_work_began,,,Adopted on the General Consent Report,2023-02-08,true,auto_ok,sonnet-agent,enrich.v3.md,
2023-02-08:23-0075,2023-02-08,2023-02-08,regular,T.-13,77,general,Chief Academic Officer,23-0075,https://ousd.legistar.com/LegislationDetail.aspx?ID=57319&GUID=CC3B93AD-34B5-4B2B-A91D-A12A6BE0AAA0,"Services Agreement 2022-2023 - J. Chacón Consulting, LLC - High School Network","Ratification by the Board of Education of a Services Agreement 2022-2023 by and between the District and  J. Chacón Consulting, LLC,, Austin, TX, for the latter to provide coaching to 3 high school principals, 2 times a month for 6 months; 60 min a session, January 2023 - June, 2023; monthly, hour-long alignment meetings with High School Network Superintendent and in-person site visits and observations as requested via High School Network, for the period of January 3, 2023 through June 30, 2023, in an amount not to exceed $16,000.00.",Agreement or Contract,Chief Academic Officer,008186,v-008186,S&C Carryover,"Ratifies up to $16,000 for J. Chacón Consulting to coach three high school principals","J. Chacón Consulting, LLC will coach three high school principals twice a month for six months, hold monthly alignment meetings with the High School Network Superintendent, and make site visits as requested. The service period is January 3 through June 30, 2023. The Board is ratifying, or approving after the fact, an agreement whose service period began before this vote.",Classroom & academic programs,new_agreement,"J. Chacón Consulting, LLC",organization,,expense,not_to_exceed,16000,,,,,true,2023-01-03,2023-06-30,pulled_from_consent; after_work_began,,"Adopted in its own vote at this meeting (4–3), instead of with the rest of the consent report.",Adopted,2023-02-08,true,auto_ok,sonnet-agent,enrich.v3.md,
2023-02-08:23-0076,2023-02-08,2023-02-08,regular,T.-14,78,general,Chief Academic Officer,23-0076,https://ousd.legistar.com/LegislationDetail.aspx?ID=57320&GUID=0F4A2B40-0396-4957-B13A-5992AFECAF9C,Services Agreement 2022-2023 - Axis Mundi Center for Mental Health - Hoover Elementary School,"Ratification by the Board of Education of a Services Agreement 2022-2023 by and between the District and Axis Mundi Center for Mental Health, Oakland, CA, for the latter to provide therapists to work with students individually and in groups on building the SEL skills necessary to regulate emotions, and have healthy relationships and work with school staff to assess needs, provide consultations and training as needed (virtually) to better support families and students, six hours weekly, at Hoover Elementary School, for the period of August 8, 2022 through May 26, 2023, in an amount not to exceed $20,000.00.",Agreement or Contract,Chief Academic Officer,007577,v-007577,Title I-Basic Grant Low Income and Unrestricted Supplemental,"Ratifies up to $20,000 for Axis Mundi to provide therapists at Hoover Elementary","Axis Mundi Center for Mental Health will provide therapists who work with Hoover Elementary School students one-on-one and in groups on managing emotions and building healthy relationships, six hours a week. They will also consult with and train school staff. The service period is August 8, 2022 through May 26, 2023. The Board is ratifying, or approving after the fact, an agreement whose service period began before this vote.","Student health, support & family services",new_agreement,Axis Mundi Center for Mental Health,organization,Hoover Elementary School,expense,not_to_exceed,20000,,,,,true,2022-08-08,2023-05-26,after_work_began,,,Adopted on the General Consent Report,2023-02-08,true,auto_ok,sonnet-agent,enrich.v3.md,
2023-02-08:23-0077,2023-02-08,2023-02-08,regular,T.-15,79,general,Chief Academic Officer,23-0077,https://ousd.legistar.com/LegislationDetail.aspx?ID=57321&GUID=87F9134A-F161-4CD5-84F9-C1CE1FCF3BF5,Services Agreement 2022-2023 - High Expectations - Bella Vista Elementary School,"Ratification by the Board of Education of a Services Agreement 2022-2023 by and between the District and High Expectations, Oakland, CA, for the latter to provide two-day Family Engagement Learning Institutes; support and coaching for staff and Family Engagement Teams to build the capacity to implement strategies to increase student achievement, and improve school climate and culture for Bella Vista Elementary School, for the period of January 9, 2023 through May 26, 2023, in an amount not to exceed $30,821.50.",Agreement or Contract,Chief Academic Officer,002071,v-002071,CCSPP Implementation Grant,"Ratifies up to $30,821.50 for High Expectations' family engagement work at Bella Vista Elementary","High Expectations will run two-day Family Engagement Learning Institutes and coach staff and Family Engagement Teams at Bella Vista Elementary School. The goal is to raise student achievement and improve school climate. The service period is January 9 through May 26, 2023. The Board is ratifying, or approving after the fact, an agreement whose service period began before this vote.","Student health, support & family services",new_agreement,High Expectations,organization,Bella Vista Elementary School,expense,not_to_exceed,30821.5,,,,,true,2023-01-09,2023-05-26,after_work_began,,,Adopted on the General Consent Report,2023-02-08,true,auto_ok,sonnet-agent,enrich.v3.md,
2023-02-08:23-0078,2023-02-08,2023-02-08,regular,T.-16,80,general,Chief Academic Officer,23-0078,https://ousd.legistar.com/LegislationDetail.aspx?ID=57322&GUID=443B4DA2-F431-41A3-AC91-7F4C84BDAC11,Services Agreement 2022-2023 - Nicholas Kanozik - Academics and Instruction Department,"Ratification by the Board of Education of a Services Agreement 2022-2023 by and between the District and Nicholas Kanozik, Richmond, CA, for the latter to support teacher recruitment, event organizing and planning, as described in Exhibit A of Agreement, incorporated herein by reference as though fully set forth, via Academics and Instruction Department, for the period of November 1, 2022 through June 30, 2023, in an amount not to exceed $45,000.00.",Agreement or Contract,Chief Academic Officer,008173,v-008173,"Measure G, Parcel Tax","Ratifies up to $45,000 for a contractor to support teacher recruitment and events","An individual contractor will support teacher recruitment and organize and plan recruitment events for the Academics and Instruction Department. The service period is November 1, 2022 through June 30, 2023. The Board is ratifying, or approving after the fact, an agreement whose service period began before this vote.",Staff & hiring,new_agreement,Nicholas Kanozik,individual,,expense,not_to_exceed,45000,,,,,true,2022-11-01,2023-06-30,after_work_began,,,Adopted on the General Consent Report,2023-02-08,true,auto_ok,sonnet-agent,enrich.v3.md,
2023-02-08:23-0079,2023-02-08,2023-02-08,regular,T.-17,81,general,Chief Academic Officer,23-0079,https://ousd.legistar.com/LegislationDetail.aspx?ID=57323&GUID=505B11B7-D0E1-4E3F-BB7E-7BD6DD1F159E,"Amendment No. 1, Services Agreement 2022-2023 - Saving Shorty - Community Schools and Student Services Department","Approval by the Board of Education of Amendment No. 1, Services Agreement 2022-2023 by and between the District and Saving Shorty, Modesto, CA, for the latter to provide up to 13 individuals and 1 supervisor for additional culture and safety support at schools as determined by OUSD;  ensure assigned staff are skilled in developing positive relationships with youth, use de-escalation skills when necessary, and monitor/support areas throughout the school and assist to ensure safety on and around District school campuses, for the period of January 01, 2023 through May 31, 2023, in the additional amount of $276,300.00, increasing the Agreement not to exceed amount from $90,000.00 to $366,300.00. All other terms and conditions of the Agreement remain in full force and effect.",Agreement or Contract,Chief Academic Officer,007590,v-007590,General Purpose-unrestricted,"Adds $276,300 for Saving Shorty to provide school culture and safety staff through May 2023","This amendment adds $276,300 to the Saving Shorty contract, raising the limit from $90,000 to $366,300. Saving Shorty will provide up to 13 people and one supervisor for added culture and safety support at schools chosen by the district. Staff build positive relationships with youth, use de-escalation skills and monitor school areas. The service period is January 1 through May 31, 2023.","Student health, support & family services",amendment,Saving Shorty,organization,,expense,not_to_exceed,276300,,,90000,366300,true,2023-01-01,2023-05-31,pulled_from_consent; raises_existing_contract; large_increase,,"Adopted in its own vote at this meeting (7–0), instead of with the rest of the consent report.",Adopted,2023-02-08,true,auto_ok,sonnet-agent,enrich.v3.md,
2023-02-08:23-0080,2023-02-08,2023-02-08,regular,T.-18,82,general,Chief Academic Officer,23-0080,https://ousd.legistar.com/LegislationDetail.aspx?ID=57324&GUID=1BA80907-FE8D-4D40-B875-8984257FA66F,Services Agreement 2022-2023 - Moira De Nike - Community Schools and Student Services Department,"Ratification by the Board of Education of a Services Agreement 2022-2023 by and between the District and Moira De Nike, San Francisco, CA, for the latter to administer the programmatic evaluation of the Federal Human Trafficking Youth Prevention Education (HTYPE) grant, including analyzing pre/post tests to students, educators and other school staff; assisting with data and narrative reporting for the quarterly performance reports; assessing training and education service and outcome data, effectiveness of collaboration and protocol implementation; and participating in the federal in-person site, via Community Schools and Student Services Department, for the period of July 1, 2022 through June 30, 2023, in an amount not to exceed $30,000.00.",Agreement or Contract,Chief Academic Officer,001318,v-001318,Human Trafficking Prevention,"Ratifies up to $30,000 for an evaluator of the district's federal human trafficking prevention grant","An individual contractor will evaluate the federal Human Trafficking Youth Prevention Education grant program. The work includes analyzing pre- and post-tests from students and staff, helping with quarterly performance reports, and joining the federal site visit. The service period is July 1, 2022 through June 30, 2023. The Board is ratifying, or approving after the fact, an agreement whose service period began before this vote.","Student health, support & family services",new_agreement,Moira De Nike,individual,,expense,not_to_exceed,30000,,,,,true,2022-07-01,2023-06-30,after_work_began,,,Adopted on the General Consent Report,2023-02-08,true,auto_ok,sonnet-agent,enrich.v3.md,
2023-02-08:23-0081,2023-02-08,2023-02-08,regular,T.-19,83,general,Chief Academic Officer,23-0081,https://ousd.legistar.com/LegislationDetail.aspx?ID=57325&GUID=D50364B3-0F1C-4EDD-B25F-516C99507A64,Services Agreement 2022-2023 - The Speech Pathology Group dba SPG Therapy & Education - Dewey Academy,"Ratification by the Board of Education of a Services Agreement 2022-2023 by and between the District and The Speech Pathology Group dba SPG Therapy & Education, Walnut Creek, CA, for the latter to provide trainings to educational staff to assist in the development of critical behavior Management Strategies, as described in Exhibit A of the Agreement, incorporated herein by reference as though fully set forth, at Dewey Academy, for the period of January 4, 2023 through April 28, 2023, in an amount not to exceed $1,350.00.",Agreement or Contract,Chief Academic Officer,004031,v-004031,Educator Effectiveness,"Ratifies $1,350 for SPG Therapy & Education to train Dewey Academy staff on behavior management","The Speech Pathology Group, doing business as SPG Therapy & Education, will train Dewey Academy staff in strategies for managing student behavior. The service period is January 4 through April 28, 2023. The Board is ratifying, or approving after the fact, an agreement whose service period began before this vote.",Classroom & academic programs,new_agreement,The Speech Pathology Group dba SPG Therapy & Education,organization,Dewey Academy,expense,not_to_exceed,1350,,,,,true,2023-01-04,2023-04-28,after_work_began,,,Adopted on the General Consent Report,2023-02-08,true,auto_ok,sonnet-agent,enrich.v3.md,
2023-02-08:23-0082,2023-02-08,2023-02-08,regular,T.-20,84,general,Chief Academic Officer,23-0082,https://ousd.legistar.com/LegislationDetail.aspx?ID=57326&GUID=7F19FF5A-0CB3-4FD0-A5FE-26CA315B2F98,Services Agreement 2022-2023 - Kim Woolley - Community Schools and Student Services Department,"Ratification by the Board of Education of a Services Agreement 2022-2023 by and between the District and Kim Woolley, Oakland, CA, for the latter to provide project management, community stakeholder engagement, and pilot coordination services designed to operationalize and implement an arts integration pilot during Expanded Learning programs, as described in Exhibit A of the Agreement, incorporated herein by reference as though fully set forth,  via Community Schools and Student Services Department, for the period of January 4, 2023 through June 30, 2023, in an amount not to exceed $70,000.00.",Agreement or Contract,Chief Academic Officer,008219,v-008219,Expanded Learning Opp Programs,"Ratifies up to $70,000 for a contractor to run an arts pilot in expanded learning programs","An individual contractor will provide project management, community engagement and coordination for a pilot that brings arts into the district's Expanded Learning (after-school) programs. The Community Schools and Student Services Department manages it. The service period is January 4 through June 30, 2023. The Board is ratifying, or approving after the fact, an agreement whose service period began before this vote.",After-school & summer programs,new_agreement,Kim Woolley,individual,,expense,not_to_exceed,70000,,,,,true,2023-01-04,2023-06-30,after_work_began,,,Adopted on the General Consent Report,2023-02-08,true,auto_ok,sonnet-agent,enrich.v3.md,
2023-02-08:23-0083,2023-02-08,2023-02-08,regular,T.-21,85,general,Chief Academic Officer,23-0083,https://ousd.legistar.com/LegislationDetail.aspx?ID=57327&GUID=566EDF3F-39B3-487E-A96D-89BEC304D52F,Services Agreement 2022-2023 - Oakland Genesis Soccer Club - Allendale Elementary School,"Ratification by the Board of Education of a Services Agreement 2022-2023 by and between the District and Oakland Genesis Soccer Club, Oakland, CA, for the latter to provide coaches conducting (2) 90-minute soccer practices (2) days per week plus (7) game days of Practices for students, as described in Exhibit A of the Agreement, at Allendale Elementary School, for the period of September 16, 2022 through December 9, 2022, in an amount not to exceed $5,525.00.",Agreement or Contract,Chief Academic Officer,007994,v-007994,Unrestricted Supplemental,"Ratifies up to $5,525 for Oakland Genesis Soccer Club to coach students at Allendale Elementary","Oakland Genesis Soccer Club will provide coaches for two 90-minute soccer practices a week plus seven game days for students at Allendale Elementary School. The service period is September 16 through December 9, 2022. The Board is ratifying, or approving after the fact, an agreement whose service period began before this vote.",After-school & summer programs,new_agreement,Oakland Genesis Soccer Club,organization,Allendale Elementary School,expense,not_to_exceed,5525,,,,,true,2022-09-16,2022-12-09,after_work_began,,,Adopted on the General Consent Report,2023-02-08,true,auto_ok,sonnet-agent,enrich.v3.md,
2023-02-08:23-0084,2023-02-08,2023-02-08,regular,T.-22,86,general,Chief Academic Officer,23-0084,https://ousd.legistar.com/LegislationDetail.aspx?ID=57328&GUID=93447D17-3589-45BF-A367-26F2BCF87A71,Services Agreement 2022-2023 - Mary Reed - High School Linked Learning Department,"Ratification by the Board of Education of a Services Agreement 2022-2023 by and between the District and Mary Reed, Lake Oswego, OR, for the latter to utilize the Edulastic programming software curriculum with assessments and upload work to show efforts on the virtual database that is live and accurate, supporting learning journey that provides instant feedback and encouragement for success, via the High School Linked Learning Department, for the period of January 2, 2023 through February 28, 2023, in an amount not to exceed $8,640.00.",Agreement or Contract,Chief Academic Officer,008152,v-008152,K12 Strong Workforce Grant,"Ratifies up to $8,640 for a contractor to use Edulastic assessment software for Linked Learning","An individual contractor will use the Edulastic assessment software to run assessments and upload student work to a live online database that gives instant feedback. The High School Linked Learning Department manages it. The service period is January 2 through February 28, 2023. The Board is ratifying, or approving after the fact, an agreement whose service period began before this vote.",Classroom & academic programs,new_agreement,Mary Reed,individual,,expense,not_to_exceed,8640,,,,,true,2023-01-02,2023-02-28,pulled_from_consent; after_work_began,,"Adopted in its own vote at this meeting (5–2), instead of with the rest of the consent report.",Adopted,2023-02-08,true,auto_ok,sonnet-agent,enrich.v3.md,
2023-02-08:23-0087,2023-02-08,2023-02-08,regular,T.-23,87,general,Chief Academic Officer,23-0087,https://ousd.legistar.com/LegislationDetail.aspx?ID=57331&GUID=361DBCB0-37F1-458D-8054-E662B4D4E07D,Grant Agreement - Warriors Community Foundation - The Town Reading Warriors Project - Academics and Instruction Department,"Approval by the Board of Education of a Grant Agreement by and between the District and the Warriors Community Foundation, San Francisco, CA, with the District accepting $100,000.00, for the Town Reading Warriors Project, to increase Literacy support for District students, via the Academics and Instruction Department, for the period of November 23, 2022 through June 30, 2023.",Agreement or Contract,Chief Academic Officer,,n-warriors-community-foundation,Warriors Community Foundation Grant,"Accepts a $100,000 Warriors Community Foundation grant for the Town Reading Warriors literacy project","The district is accepting $100,000 from the Warriors Community Foundation for the Town Reading Warriors Project, which aims to increase literacy support for district students. The Academics and Instruction Department will run it from November 23, 2022 through June 30, 2023.",Classroom & academic programs,grant_or_funding_in,Warriors Community Foundation,organization,,revenue,fixed,100000,,,,,true,2022-11-23,2023-06-30,after_work_began,,,Adopted on the General Consent Report,2023-02-08,true,auto_ok,sonnet-agent,enrich.v3.md,
2023-02-08:23-0088,2023-02-08,2023-02-08,regular,T.-24,88,general,Chief Academic Officer,23-0088,https://ousd.legistar.com/LegislationDetail.aspx?ID=57332&GUID=B0908431-BFC2-4503-A66A-5FD1A81BA840,Grant Agreement - Warriors Community Foundation - Pilot to Improve Mental Health Services - Community Schools and Student Services Department,"Approval by the Board of Education of a Grant Agreement by and between the District and the Warriors Community Foundation, San Francisco, CA, with the District accepting $75,000.00, for a Pilot to Improve Mental Health Services for OUSD Students, via the Community Schools and Student Services Department, for the period of November 22, 2022 through June 30, 2023.",Agreement or Contract,Chief Academic Officer,,n-warriors-community-foundation,Warriors Community Foundation Program Grant,"Accepts a $75,000 Warriors Community Foundation grant for a student mental health services pilot","The district is accepting $75,000 from the Warriors Community Foundation for a pilot to improve mental health services for Oakland students. The Community Schools and Student Services Department will run it from November 22, 2022 through June 30, 2023.","Student health, support & family services",grant_or_funding_in,Warriors Community Foundation,organization,,revenue,fixed,75000,,,,,true,2022-11-22,2023-06-30,pulled_from_consent; after_work_began,,"Adopted in its own vote at this meeting (7–0), instead of with the rest of the consent report.",Adopted,2023-02-08,true,auto_ok,sonnet-agent,enrich.v3.md,
2023-02-08:23-0090,2023-02-08,2023-02-08,regular,T.-25,89,general,Chief Academic Officer,23-0090,https://ousd.legistar.com/LegislationDetail.aspx?ID=57334&GUID=B7AD9EEC-3A43-475B-817B-71D80670957F,Grant Award - California Department of Education - California Partnership Academies (CPA) Program - Oakland High School Law and Public Service Academy - High School Linked Learning Office,"Acceptance by the Board of Education of a California Partnership Academies (CPA) Program: Career Technical Education Initiative Grant Award from the California Department of Education, for the Oakland High School Law and Public Service Academy (8021), CDE Grant Number: 2022-25220-61259-01, in the amount of $81,000.00, for purpose described in the attachment, for the period of July 1, 2022 through June 30, 2024, pursuant to the terms and conditions thereof.",Agreement or Contract,Chief Academic Officer,,n-california-department-of-education,"California Department of Education, College and Career Transition Division Grant","Accepts an $81,000 state grant for Oakland High's Law and Public Service Academy","The district is accepting $81,000 from the California Department of Education through the California Partnership Academies career technical education program. The money is for the Law and Public Service Academy at Oakland High School. The grant covers July 1, 2022 through June 30, 2024.",Classroom & academic programs,grant_or_funding_in,California Department of Education,organization,Oakland High School,revenue,fixed,81000,,,,,true,2022-07-01,2024-06-30,after_work_began; multi_year,,,Adopted on the General Consent Report,2023-02-08,true,auto_ok,sonnet-agent,enrich.v3.md,
2023-02-08:23-0091,2023-02-08,2023-02-08,regular,T.-26,90,general,Chief Academic Officer,23-0091,https://ousd.legistar.com/LegislationDetail.aspx?ID=57335&GUID=40C99E49-93C6-47F0-AEB2-F04AA108A03A,Grant Award - California Department of Education - California Partnership Academies (CPA) Program - Skyline High School Computer Science and Technology Academy - High School Linked Learning Office,"Acceptance by the Board of Education of a California Partnership Academies (CPA) Program: Career Technical Education Initiative Grant Award from the California Department of Education, for the Skyline High School Computer Science and Technology Academy (8033), CDE Grant Number: 2022-25220-61259-05, in the amount of $81,000.00, for purpose described in the attachment, for the period of July 1, 2022 through June 30, 2024, pursuant to the terms and conditions thereof.",Agreement or Contract,Chief Academic Officer,,n-california-department-of-education,"California Department of Education, Collegee and Career Transition Division Grant","Accepts an $81,000 state grant for Skyline High's Computer Science and Technology Academy","The district is accepting $81,000 from the California Department of Education through the California Partnership Academies career technical education program. The money is for the Computer Science and Technology Academy at Skyline High School. The grant covers July 1, 2022 through June 30, 2024.",Classroom & academic programs,grant_or_funding_in,California Department of Education,organization,Skyline High School,revenue,fixed,81000,,,,,true,2022-07-01,2024-06-30,after_work_began; multi_year,,,Adopted on the General Consent Report,2023-02-08,true,auto_ok,sonnet-agent,enrich.v3.md,
2023-02-08:23-0092,2023-02-08,2023-02-08,regular,T.-27,91,general,Chief Academic Officer,23-0092,https://ousd.legistar.com/LegislationDetail.aspx?ID=57336&GUID=D9848993-B4FC-49E0-A795-155519120602,Grant Award - California Department of Education - California Partnership Academies (CPA) Program - Career Technical Education Initiative - Oakland Technical High School Fashion Academy - High School Linked Learning Office,"Acceptance by the Board of Education of a California Partnership Academies (CPA) Program: Career Technical Education Initiative Grant Award from the California Department of Education, for Oakland Technical High School Fashion Academy (9061), CDE Grant Number: 2022-25220-61259-04, in the amount of $81,000.00, for purpose described in the attachment, for the period of July 1, 2022 through June 30, 2024, pursuant to the terms and conditions thereof.",Agreement or Contract,Chief Academic Officer,,n-california-department-of-education,"California Department of Education, College and Career Transition Division Grant","Accepts an $81,000 state grant for Oakland Tech's Fashion Academy","The district is accepting $81,000 from the California Department of Education through the California Partnership Academies career technical education program. The money is for the Fashion Academy at Oakland Technical High School. The grant covers July 1, 2022 through June 30, 2024.",Classroom & academic programs,grant_or_funding_in,California Department of Education,organization,Oakland Technical High School,revenue,fixed,81000,,,,,true,2022-07-01,2024-06-30,after_work_began; multi_year,,,Adopted on the General Consent Report,2023-02-08,true,auto_ok,sonnet-agent,enrich.v3.md,
2023-02-08:23-0093,2023-02-08,2023-02-08,regular,T.-28,92,general,Chief Academic Officer,23-0093,https://ousd.legistar.com/LegislationDetail.aspx?ID=57337&GUID=07A29482-E349-4AB6-B583-EE6668427105,Grant Award - California Department of Education - California Partnership Academies (CPA) Program - Oakland International High School Multimedia Communications Academy - High School Linked Learning Office,"Acceptance by the Board of Education of a California Partnership Academies (CPA) Program: Career Technical Education Initiative Grant Award from the California Department of Education, for the Oakland International High School Multimedia Communications Academy (9062), CDE Grant Number: 2022-25220-61259-03, in the amount of $81,000.00, for purpose described in the attachment, for the period of July 1, 2022 through June 30, 2024, pursuant to the terms and conditions thereof.",Agreement or Contract,Chief Academic Officer,,n-california-department-of-education,"California Department of Education, College and Career Transition Division Grant","Accepts an $81,000 state grant for Oakland International High's Multimedia Communications Academy","The district is accepting $81,000 from the California Department of Education through the California Partnership Academies career technical education program. The money is for the Multimedia Communications Academy at Oakland International High School. The grant covers July 1, 2022 through June 30, 2024.",Classroom & academic programs,grant_or_funding_in,California Department of Education,organization,Oakland International High School,revenue,fixed,81000,,,,,true,2022-07-01,2024-06-30,after_work_began; multi_year,,,Adopted on the General Consent Report,2023-02-08,true,auto_ok,sonnet-agent,enrich.v3.md,
2023-02-08:23-0094,2023-02-08,2023-02-08,regular,T.-29,93,general,Chief Academic Officer,23-0094,https://ousd.legistar.com/LegislationDetail.aspx?ID=57338&GUID=5794DCE1-07BB-4B0F-8ABB-324BD8CC0237,Grant Award - California Department of Education - California Partnership Academies (CPA) Program - Oakland High School Public Health and Policy Academy - High School Linked Learning Office,"Acceptance by the Board of Education of a California Partnership Academies (CPA) Program: Career Technical Education Initiative Grant Award from the California Department of Education, for the Oakland High School Public Health and Policy Academy (11032), CDE Grant Number: 2022-25220-61259-02, in the amount of $81,000.00, for purpose described in the attachment, for the period of July 1, 2022 through June 30, 2024, pursuant to the terms and conditions thereof.",Agreement or Contract,Chief Academic Officer,,n-california-department-of-education,"California Department of Education, College and Career Transition Division Grant","Accepts an $81,000 state grant for Oakland High's Public Health and Policy Academy","The district is accepting $81,000 from the California Department of Education through the California Partnership Academies career technical education program. The money is for the Public Health and Policy Academy at Oakland High School. The grant covers July 1, 2022 through June 30, 2024.",Classroom & academic programs,grant_or_funding_in,California Department of Education,organization,Oakland High School,revenue,fixed,81000,,,,,true,2022-07-01,2024-06-30,after_work_began; multi_year,,,Adopted on the General Consent Report,2023-02-08,true,auto_ok,sonnet-agent,enrich.v3.md,
2023-02-08:23-0095,2023-02-08,2023-02-08,regular,T.-30,94,general,Chief Academic Officer,23-0095,https://ousd.legistar.com/LegislationDetail.aspx?ID=57339&GUID=37049B56-4A41-47CB-91AB-6B5B12D91DAE,Grant Agreement - Stupski Foundation - High School Linked Learning Office,"Approval by the Board of Education of a Grant Agreement by and between the District and the Stupski Foundation, San Francisco, CA, with the District accepting $85,000.00, to support anti-bias training for the District, as described in District’s Grant Request dated August 30, 2022, via the High School Linked Learning Office, for the period of January 1, 2023 through June 30, 2024.",Agreement or Contract,Chief Academic Officer,,n-stupski-foundation,Stupski Foundation Grant,"Accepts an $85,000 Stupski Foundation grant to support anti-bias training for the district","The district is accepting $85,000 from the Stupski Foundation to support anti-bias training for the district, as described in the district's grant request dated August 30, 2022. The High School Linked Learning Office will manage it from January 1, 2023 through June 30, 2024.",Classroom & academic programs,grant_or_funding_in,Stupski Foundation,organization,,revenue,fixed,85000,,,,,true,2023-01-01,2024-06-30,after_work_began; multi_year,,,Adopted on the General Consent Report,2023-02-08,true,auto_ok,sonnet-agent,enrich.v3.md,
2023-02-08:23-0096,2023-02-08,2023-02-08,regular,T.-31,95,general,Chief Academic Officer,23-0096,https://ousd.legistar.com/LegislationDetail.aspx?ID=57340&GUID=BFF894FC-5CC0-4B7C-B2CF-D16E2610BE1D,Services Agreement 2022-2023 - Quetzal Consulting - High School Credit Recovery Department,"Ratification by the Board of Education of a Services Agreement 2022-2023 by and between the District and Quetzal Education Consulting, Oakland, CA, for the latter to provide math department teachers with Anti-Racist Math Professional Development series, as described in Exhibit A of Agreement, incorporated herein by reference as though fully set forth, at Oakland Technical High School, for the period of January 3, 2023 through June 30, 2023, in an amount not to exceed $18,500.00.",Agreement or Contract,Chief Academic Officer,,v-007078,S&C Carryover Funds,"Ratifies up to $18,500 for Quetzal Education Consulting's anti-racist math training at Oakland Tech","The board is approving, after the fact, a contract with Quetzal Education Consulting to run a professional development series on anti-racist math for the math teachers at Oakland Technical High School. The work period began January 3, 2023 and runs through June 30, 2023. The district can pay up to $18,500.",Classroom & academic programs,new_agreement,Quetzal Education Consulting,organization,Oakland Technical High School,expense,not_to_exceed,18500,,,,,true,2023-01-03,2023-06-30,after_work_began,,,Adopted on the General Consent Report,2023-02-08,true,auto_ok,sonnet-agent,enrich.v3.md,
2023-02-08:23-0101,2023-02-08,2023-02-08,regular,T.-32,96,general,Chief Academic Officer,23-0101,https://ousd.legistar.com/LegislationDetail.aspx?ID=57345&GUID=10E480E0-5FA5-4C65-91F7-52C3F3076DB4,Services Agreement 2022-2023 - Luna Dance Institute - Academics and Instruction Department,"Ratification by the Board of Education of a Services Agreement 2022-2023 by and between the District and Luna Dance Institute, Berkeley, CA, for the latter to provide coaching and mentorship support to elementary dance teachers with the goal of building capacity for dance in the district, as described in Exhibit A of the Agreement, incorporated herein by reference as though fully set forth, via Academics and Instruction Department, for the period of December 1, 2022 through June 30, 2023, in an amount not to exceed $10,200.00.",Agreement or Contract,Chief Academic Officer,002661,v-002661,"Measure G, Parcel Tax","Ratifies up to $10,200 for Luna Dance Institute to coach elementary dance teachers","The board is approving, after the fact, a contract with Luna Dance Institute of Berkeley to provide coaching and mentoring to elementary dance teachers. The goal is to build up dance teaching in the district. The work period began December 1, 2022 and runs through June 30, 2023, and the district can pay up to $10,200.",Classroom & academic programs,new_agreement,Luna Dance Institute,organization,,expense,not_to_exceed,10200,,,,,true,2022-12-01,2023-06-30,after_work_began,,,Adopted on the General Consent Report,2023-02-08,true,auto_ok,sonnet-agent,enrich.v3.md,
2023-02-08:23-0103,2023-02-08,2023-02-08,regular,T.-33,97,general,Chief Academic Officer,23-0103,https://ousd.legistar.com/LegislationDetail.aspx?ID=57347&GUID=4A41E556-15C7-4CC6-98A3-05A072841BDD,Grant Award - California Department of Education - Strengthening Career and Technical Education for the 21st Century Act - High School Linked Learning Office,"Acceptance by the Board of Education of a Strengthening Career and Technical Education for the 21st Century Act Grant Award from the California Department of Education, for District (A0-400), CDE Grant Number: 22-14894-61259-00, in the amount of $514,528.00, for purpose described in the attachment, for the period of July 1, 2022 through June 30, 2023, pursuant to the terms and conditions thereof.",Agreement or Contract,Chief Academic Officer,,n-california-department-of-education,"Strengthening Career and Technical Education for the 21st Century (Perkins, Resource 3550)","Accepts a $514,528 California Department of Education grant for career and technical education","The board is accepting a grant of $514,528 from the California Department of Education under the Strengthening Career and Technical Education for the 21st Century Act. The money goes to the district's High School Linked Learning Office for the purposes described in the grant attachment. The grant covers July 1, 2022 through June 30, 2023.",Classroom & academic programs,grant_or_funding_in,California Department of Education,organization,,revenue,fixed,514528,,,,,true,2022-07-01,2023-06-30,after_work_began,,,Adopted on the General Consent Report,2023-02-08,true,auto_ok,sonnet-agent,enrich.v3.md,
2023-02-08:23-0042,2023-02-08,2023-02-08,regular,T.-34,99,general,Chief Governance Officer,23-0042,https://ousd.legistar.com/LegislationDetail.aspx?ID=57287&GUID=907D50C8-56A3-49AD-BC4C-00F4C065E295,"Tentative Agreement, as Agreement Between the District and the Service Employees International Union (SEIU), Local 1021, As Delineated","Approval by the Board of Education of the following Tentative Agreement, as Agreement Between the District and the Service Employees International Union (SEIU), Local 1021:
Memorandum of Understanding Safety Training January 3, 2023 Between the Service Employees International Union, Local 1021 and the Oakland Unified School District; and
Memorandum of Understanding City of Oakland Affordable Connectivity Plan Pilot Between the SEIU Local 1021and the Oakland Unified School District,
each, pending compliance with Government Code Section 3547.5, all applicable AB 1200 disclosure requirements, and all necessary follow-up actions as determined by the Alameda County Office of Education.",Agreement or Contract,General Counsel,,n-service-employees-international-union-seiu-local-1021,General Purpose,Approves two tentative agreements with SEIU Local 1021 on safety training and a connectivity pilot,"The board is approving two tentative agreements (called memoranda of understanding) with the Service Employees International Union (SEIU), Local 1021. One covers safety training and the other covers the City of Oakland Affordable Connectivity Plan Pilot. Approval is pending compliance with state disclosure rules and any follow-up required by the Alameda County Office of Education. The text does not state a dollar amount.",Staff & hiring,mou_or_data_sharing,"Service Employees International Union (SEIU), Local 1021",organization,,no_cost,,,,,,,true,,,pulled_from_consent,,Taken off the consent report and withdrawn at this meeting.,Withdrawn,2023-02-08,false,auto_ok,sonnet-agent,enrich.v3.md,
2023-02-08:23-0191,2023-02-08,2023-02-08,regular,T.-35,100,general,Chief Governance Officer,23-0191,https://ousd.legistar.com/LegislationDetail.aspx?ID=57435&GUID=C427F4B3-0035-4141-BC26-0200A9279E8F,"First Amendment, Joint-Use Lease Agreement - District - City of Oakland - Existing Modular Building for a Public Library - Piedmont Elementary School - Chief Governance Officer","Approval by the Board of Education of a First Amendment, Joint-Use Lease Agreement By and Between Oakland Unified School District and City of Oakland for City’s Use of Existing Modular Building for a Public Library at Piedmont Elementary School, located at 4314 Piedmont Avenue, Oakland CA, with the City paying District a monthly rental of $2500.00, for the premises described in Agreement, and in accordance with the foregoing Section 4(A), the Term of the Existing Joint-Use Agreement is hereby extended until the earlier of (a) construction of the Project (as defined in the Joint Occupancy and Lease Agreement) is completed as evidenced by the issuance of the Occupancy Certificate for the Project, or (b) five (5) years. All other terms and conditions of the Agreement remain in full force and effect.",Agreement or Contract,General Counsel,,n-city-of-oakland,,Extends the City of Oakland's lease of a modular library building at Piedmont Elementary,"The board is approving a first amendment to a joint-use lease that lets the City of Oakland use an existing modular building at Piedmont Elementary School as a public library. The City pays the district $2,500 a month. The lease is extended until the earlier of the completion of the library construction project or five years. All other terms stay the same.",Governance & board business,amendment,City of Oakland,organization,Piedmont Elementary School,revenue,,,,,,,true,,,multi_year; time_extension_only,,,Adopted on the General Consent Report,2023-02-08,true,auto_ok,sonnet-agent,enrich.v3.md,
2023-02-08:23-0284,2023-02-08,2023-02-08,regular,T.-36,102,general,Board of Education,23-0284,https://ousd.legistar.com/LegislationDetail.aspx?ID=57528&GUID=8EC745EC-9361-4D03-9DF4-3A26E7CD673A,"Minutes - Board of Education - Regular Meeting – January 25, 2023","Ratification by the Board of Education of its Regular Meeting Minutes of January 25, 2023, prepared by Staff shortly after said Meeting.","Minutes, Board of Education",Board of Education,,,,"Ratifies the minutes of the January 25, 2023 regular Board of Education meeting","The board is approving the written record of its regular meeting held on January 25, 2023. Staff prepared the minutes shortly after the meeting. There is no cost.",Governance & board business,other,,,,no_cost,,,,,,,true,,,after_work_began,,,Adopted on the General Consent Report,2023-02-08,true,auto_ok,sonnet-agent,enrich.v3.md,
2023-02-08:23-0285,2023-02-08,2023-02-08,regular,T.-37,103,general,Board of Education,23-0285,https://ousd.legistar.com/LegislationDetail.aspx?ID=57529&GUID=37908EFF-3E87-4AE8-B10A-2F747B98FF79,"Minutes - Board of Education - Special Meeting – January 25, 2023","Ratification by the Board of Education of its Special Meeting Minutes of January 25, 2023, prepared by Staff shortly after said Meeting.","Minutes, Board of Education",Board of Education,,,,"Ratifies the minutes of the January 25, 2023 special Board of Education meeting","The board is approving the written record of its special meeting held on January 25, 2023. Staff prepared the minutes shortly after the meeting. There is no cost.",Governance & board business,other,,,,no_cost,,,,,,,true,,,after_work_began,,,Adopted on the General Consent Report,2023-02-08,true,auto_ok,sonnet-agent,enrich.v3.md,
2023-02-08:23-0287,2023-02-08,2023-02-08,regular,T.-38,104,general,Board of Education,23-0287,https://ousd.legistar.com/LegislationDetail.aspx?ID=57531&GUID=233268AC-22E4-4948-860E-6411BDF84AA8,"Appointment – Teaching and Learning Committee - 2023 Term - President, Board of Education","Ratification by the Board of Education of the President’s appointments to the Board of Education’s standing Teaching and Learning Committee: VanCedric Williams, Chair, Benjamin “Sam” Davis, Member, and Jennifer Brouhard, Member, for 2023 Term.",Appointment,Board of Education,,,,Ratifies the board president's three appointments to the 2023 Teaching and Learning Committee,"The board is approving the board president's picks for its standing Teaching and Learning Committee for 2023. VanCedric Williams is chair, and Benjamin “Sam” Davis and Jennifer Brouhard are members. There is no cost.",Governance & board business,other,,,,no_cost,,,,,,,true,,,after_work_began,,,Adopted on the General Consent Report,2023-02-08,true,auto_ok,sonnet-agent,enrich.v3.md,
2023-02-08:23-0322,2023-02-08,2023-02-08,regular,T.-39,105,general,Board of Education,23-0322,https://ousd.legistar.com/LegislationDetail.aspx?ID=57566&GUID=9716B30D-BC4D-42D8-BB66-5D5A6B321654,"Reappointment - Elizabeth Ross and Jason Joseph - Audit Committee - President, Board of Education","Ratification by the Board of Education of President of Board’s reappointment of Elizabeth Ross (3rd Term) and Jason Joseph (2nd Term), each, having rendered satisfactory service to date, to the Audit Committee, for a term effective February 1, 2023 through January 31, 2025.",Appointment,Board of Education,,,,Ratifies the reappointment of two members to the Audit Committee through January 2025,"The board is approving the board president's reappointment of Elizabeth Ross (third term) and Jason Joseph (second term) to the Audit Committee. The text says each has given satisfactory service so far. The new term runs February 1, 2023 through January 31, 2025.",Governance & board business,other,,,,no_cost,,,,,,,true,2023-02-01,2025-01-31,after_work_began; multi_year,,,Adopted on the General Consent Report,2023-02-08,true,auto_ok,sonnet-agent,enrich.v3.md,
2023-02-08:23-0328,2023-02-08,2023-02-08,regular,T.-40,106,general,Board of Education,23-0328,https://ousd.legistar.com/LegislationDetail.aspx?ID=57572&GUID=47CFAD35-30CA-43D4-90B9-87EE2A0A1A66,"Reappointment - Patricia Lee, Harold Lowe, and Stephanie Hawke - Measure G Committee - President, Board of Education","Ratification by the Board of Education of President of Board’s reappointment of Patricia Lee (2nd Term) , Harold Lowe (3rd Term), and Stephanie Hawke (2nd Term), each, having rendered satisfactory service to date, to the Measure G Committee, for a term effective February 1, 2023 through January 31, 2025.",Appointment,Board of Education,,,,Ratifies the reappointment of three members to the Measure G Committee through January 2025,"The board is approving the board president's reappointment of Patricia Lee (second term), Harold Lowe (third term) and Stephanie Hawke (second term) to the Measure G Committee. The text says each has given satisfactory service so far. The new term runs February 1, 2023 through January 31, 2025.",Governance & board business,other,,,,no_cost,,,,,,,true,2023-02-01,2025-01-31,after_work_began; multi_year,,,Adopted on the General Consent Report,2023-02-08,true,auto_ok,sonnet-agent,enrich.v3.md,
2023-02-08:23-0062,2023-02-08,2023-02-08,regular,U.-1,108,bonds,,23-0062,https://ousd.legistar.com/LegislationDetail.aspx?ID=57306&GUID=0ACABE98-DD1C-4BA6-9825-14CC1F2FE0DE,"Agreement for Engineering Services – Atlas Technical Consultants, LLC - Solar Initiative Various Sites – Acorn Woodland Elementary School/Lockwood STEAM Academy & New Highland Academy Project – Division of Facilities Planning and Management","Approval by the Board of Education of an Agreement for Engineering Services by and between the District and Atlas Technical Consultants, LLC, Oakland, CA, for the latter to provide geotechnical engineering and testing services during construction, as well as engineering review of plans and specifications; construction-phase services … in accordance with DSA requirements for providing field and laboratory testing services including DSA LEA certification to perform the work … (Exhibit C Scope of Work) for the Solar Initiative Projects at Acorn Woodland Elementary School, Lockwood STEAM Academy and New Highland Academy, in the not-to-exceed amount of $24,446.40, which includes a not-to-exceed amount of $2,222.40 for  Additional Services, with work scheduled to commence on February 9, 2023, and scheduled to end August 31, 2023.",Agreement or Contract,"Deputy Chief, Facilities Planning and Management",007113,v-007113,"Fund 21, Building Funds Measure Y Bond","Hires Atlas Technical Consultants for up to $24,446.40 of engineering on three schools' solar projects","Atlas Technical Consultants would provide geotechnical engineering, testing and plan review during construction of the Solar Initiative projects at Acorn Woodland Elementary, Lockwood STEAM Academy and New Highland Academy. The limit is $24,446.40, which includes up to $2,222.40 for additional services. Work is scheduled from February 9, 2023 to August 31, 2023, and is paid from the Measure Y bond fund.",School buildings & construction,new_agreement,"Atlas Technical Consultants, LLC",organization,Acorn Woodland Elementary School; Lockwood STEAM Academy; New Highland Academy,expense,not_to_exceed,24446.4,,,,,true,2023-02-09,2023-08-31,,,,Adopted on the General Consent Report,2023-02-08,true,auto_ok,sonnet-agent,enrich.v3.md,
2023-02-08:23-0063,2023-02-08,2023-02-08,regular,U.-2,109,bonds,,23-0063,https://ousd.legistar.com/LegislationDetail.aspx?ID=57307&GUID=25BE2D67-58B0-4D01-95E8-C77DD825ACAB,Agreement for Materials Testing and Special Inspection Services - Consolidated Engineering Laboratories - Solar Initiative - Acorn Woodland Elementary School/Lockwood STEAM Academy & New Highland Academy Project - Division of FP&M,"Approval by the Board of Education of Agreement for Materials Testing and Special Inspection Services by and between the District and Consolidated Engineering Laboratories, Oakland, CA, for the latter to provide materials testing and special construction inspection services as required by the Division of State Architects (DSA), for the Solar Initiative Various Sites- Acorn Woodland Elementary School/Lockwood STEAM Academy & New Highland Academy Project, in the not-to-exceed amount of $50,258.78, which includes a not-to-exceed amount of $4,568.98 for any additional services, with work scheduled to commence on February 9, 2023, and scheduled to last until August 31, 2023.",Agreement or Contract,"Deputy Chief, Facilities Planning and Management",001171,v-001171,"Fund 21, Building Fund Measure Y Bond","Hires Consolidated Engineering Laboratories for up to $50,258.78 of testing on three schools' solar projects","Consolidated Engineering Laboratories would provide materials testing and special construction inspection, as required by the Division of the State Architect, for the Solar Initiative projects at Acorn Woodland Elementary, Lockwood STEAM Academy and New Highland Academy. The limit is $50,258.78, which includes up to $4,568.98 for additional services. Work is scheduled from February 9, 2023 to August 31, 2023, and is paid from the Measure Y bond fund.",School buildings & construction,new_agreement,Consolidated Engineering Laboratories,organization,Acorn Woodland Elementary School; Lockwood STEAM Academy; New Highland Academy,expense,not_to_exceed,50258.78,,,,,true,2023-02-09,2023-08-31,,,,Adopted on the General Consent Report,2023-02-08,true,auto_ok,sonnet-agent,enrich.v3.md,
2023-02-08:23-0064,2023-02-08,2023-02-08,regular,U.-3,110,bonds,,23-0064,https://ousd.legistar.com/LegislationDetail.aspx?ID=57308&GUID=E8B559AB-57D8-41D7-88EE-5C84C2393EA7,"Agreement for Inspection of Record Services for Construction - KDI Group, Inc.- Solar Initiative - Acorn Woodland Elementary School/Lockwood STEAM Academy & New Highland Academy Project - Division of FP&M","Approval by the Board of Education of Agreement for Inspection of Record Services for Construction by and between the District and KDI Group, Inc., Oakland, CA, for the latter to provide Inspector of Record Services, as specified in Section 4 - Duties and Conduct of the Inspector - for the Solar Initiative Various Sites - Acorn Woodland Elementary School/Lockwood STEAM Academy & New Highland Academy Project, in not-to-exceed amount of $46,800.00, which includes a not-to-exceed amount of $3,800.00 for Additional Services, with the work scheduled to commence on February 9, 2023, and scheduled to last until August 31, 2023.",Agreement or Contract,"Deputy Chief, Facilities Planning and Management",002377,v-002377,"Fund 21, Building Fund Measure Y Bond","Hires KDI Group for up to $46,800 of construction inspection on three schools' solar projects","KDI Group, Inc. would serve as the inspector of record for the Solar Initiative construction projects at Acorn Woodland Elementary, Lockwood STEAM Academy and New Highland Academy. The limit is $46,800, which includes up to $3,800 for additional services. Work is scheduled from February 9, 2023 to August 31, 2023, and is paid from the Measure Y bond fund.",School buildings & construction,new_agreement,"KDI Group, Inc.",organization,Acorn Woodland Elementary School; Lockwood STEAM Academy; New Highland Academy,expense,not_to_exceed,46800,,,,,true,2023-02-09,2023-08-31,,,,Adopted on the General Consent Report,2023-02-08,true,auto_ok,sonnet-agent,enrich.v3.md,
