meeting_key,meeting_date,meeting_kind,title,legistar_event_id,legistar_meeting_url,items,summarized_items,spending_total,spending_items,yearly_caps_total,revenue_total,decrease_total,note,updated_at
2025-08-13,2025-08-13,regular,Board of Education Regular Meeting,5610,,137,137,17435646.73,46,18000,2866822.83,0,"2 items were pulled from the consent report and decided on September 24, 2025.",2026-10-01T23:35:42.991Z
2025-08-27,2025-08-27,regular,Board of Education Regular Meeting,5613,,76,76,4679624.07,66,0,267355,98304,"1 item was pulled from the consent report and decided on October 8, 2025.",2026-10-01T23:35:43.503Z
2025-09-10,2025-09-10,regular,Board of Education Regular Meeting,5615,,82,82,5422631.27,65,0,14086668.39,0,,2026-10-01T23:35:44.353Z
2025-09-24,2025-09-24,regular,Board of Education Regular Meeting,5630,,100,100,7037891.06,87,0,11295052.8,0,"1 item was pulled from the consent report and decided on October 8, 2025.",2026-10-01T23:35:47.251Z
2025-10-08,2025-10-08,regular,Board of Education Regular Meeting,5631,,51,51,3064327.59,34,12000,433650,0,,2026-10-01T23:35:47.644Z
2025-10-22,2025-10-22,regular,Board of Education Regular Meeting,5642,,65,65,2467499.37,45,190447.29,530864,0,,2026-10-01T23:35:48.205Z
2025-11-12,2025-11-12,regular,Board of Education Regular Meeting,5651,,81,81,3808095.22,54,0,2034710.83,38000,"1 item was pulled from the consent report and decided on December 10, 2025.",2026-10-01T23:35:48.697Z
2025-12-10,2025-12-10,regular,Board of Education Regular Meeting,5671,,182,182,10460109.93,114,0,1081457.5,0,,2026-10-01T23:35:49.417Z
2026-01-14,2026-01-14,regular,Board of Education Regular Meeting,5687,,114,114,5710223.68,64,0,459122,320635.5,"1 item was pulled from the consent report and decided on February 11, 2026.",2026-10-01T23:35:49.965Z
2026-01-28,2026-01-28,regular,Board of Education Regular Meeting,5694,,17,17,612239,2,0,0,630986.67,,2026-10-01T23:35:50.633Z
2026-02-11,2026-02-11,regular,Board of Education Regular Meeting,5701,,121,121,9055030.69,6,0,5906750,20419548.72,,2026-10-01T23:35:57.980Z
2026-02-25,2026-02-25,regular,Board of Education Regular Meeting,5712,,53,53,2735579.01,31,0,10385607.48,0,,2026-10-01T23:35:58.511Z
2026-03-11,2026-03-11,regular,Board of Education Regular Meeting,5717,,59,59,1873934.2,45,0,500000,19300,,2026-10-01T23:35:59.031Z
2026-03-25,2026-03-25,regular,Board of Education Regular Meeting,5728,,77,77,66041768.47,51,0,3495513.1,8000,,2026-10-01T23:35:59.395Z
2026-04-02,2026-04-02,special,Board of Education Special Meeting,5741,,6,6,0,0,0,0,0,,2026-10-01T23:35:59.400Z
2026-04-22,2026-04-22,regular,Board of Education Regular Meeting,5744,,97,97,42015647.17,63,114000,1799770,0,,2026-10-01T23:36:03.226Z
2026-05-13,2026-05-13,regular,Board of Education Regular Meeting,5749,,150,150,16695824.29,109,0,27532355,0,,2026-10-01T23:36:03.751Z
2026-05-27,2026-05-27,regular,Board of Education Regular Meeting,5758,,85,85,91635366.73,56,750000,3354189,66764,,2026-10-01T23:36:04.484Z
2026-06-03,2026-06-03,regular,Board of Education Regular Meeting,5763,,26,26,2260307.3,20,0,50000,0,,2026-10-01T23:36:08.673Z
2026-06-10,2026-06-10,regular,Board of Education Regular Meeting,5764,,56,56,8558040.05,28,24394594,5693674.51,427829,"The consent report as a whole was postponed to a date certain at this meeting, in a single vote.",2026-10-01T23:25:45.111Z
2026-06-15,2026-06-15,special,Board of Education Special Meeting,5778,,56,56,8558040.05,28,24394594,5693674.51,427829,"The consent report as a whole failed at this meeting, in a single vote.",2026-10-01T23:36:08.994Z
2026-06-24,2026-06-24,regular,Board of Education Regular Meeting,5785,,263,263,135212562.2,102,28994594,6916950.12,427829,"17 items were pulled from the consent report and decided on June 29, 2026.",2026-10-01T23:36:09.311Z
2026-08-12,2026-08-12,regular,Board of Education Regular Meeting,5788,,52,52,6388977.51,35,119100,563000,15020.8,,2026-10-01T23:36:09.550Z
2026-08-26,2026-08-26,regular,Board of Education Regular Meeting,5799,,34,34,4277466.95,23,114000,4969125.91,0,,2026-10-01T23:36:09.794Z
2026-09-09,2026-09-09,regular,Board of Education Regular Meeting,5801,,53,53,2147420.39,38,0,0,2021327.02,,2026-10-01T23:36:10.213Z
2026-09-23,2026-09-23,regular,Board of Education Regular Meeting,5810,,56,56,10534077,36,0,2298800.86,0,,2026-10-01T23:25:51.771Z
